dqd,,,qdd,,,,,
yp,,py,,,,,,
gnr,,,ngr,,,,,
dye,,,dey,,,,,
cfwk,,,,wcfk,,,,
ved,,,ved,,,,,
nfe,,,fne,,,,,
voj,,,jov,,,,,
fisl,,,,slfi,,,,
zu,,uz,,,,,,
nvq,,,nvq,,,,,
po,,op,,,,,,
rubx,,,,urxb,,,,
ypks,,,,kpys,,,,
xe,,xe,,,,,,
ing,,,nig,,,,,
qgo,,,ogq,,,,,
pl,,pl,,,,,,
geuh,,,,uhge,,,,
axb,,,axb,,,,,
uf,,fu,,,,,,
fnv,,,nfv,,,,,
cuqr,,,,cqru,,,,
cr,,cr,,,,,,
mk,,km,,,,,,
tynj,,,,jnty,,,,
hiw,,,iwh,,,,,
bd,,bd,,,,,,
wpn,,,nwp,,,,,
fojr,,,,rfjo,,,,
nkkn,,,,nnkk,,,,
lsx,,,slx,,,,,
kni,,,kin,,,,,
hd,,dh,,,,,,
tupo,,,,oput,,,,
vlgt,,,,tglv,,,,
wt,,tw,,,,,,
njbq,,,,bqjn,,,,
ndn,,,nnd,,,,,
gor,,,rog,,,,,
uooi,,,,uooi,,,,
pq,,pq,,,,,,
rf,,rf,,,,,,
qgzh,,,,zhgq,,,,
axg,,,gxa,,,,,
ht,,ht,,,,,,
aj,,ja,,,,,,
ps,,sp,,,,,,
ic,,ic,,,,,,
uo,,uo,,,,,,
smjsxhz,,,,,,,,
uyynmoj,,,,,,,,
qvqkd,,,,,,,,
musahwp,,,,,,,,
gmjlqcw,,,,,,,,
lufytq,,,,,,,,
aieic,,,,,,,,
zmyry,,,,,,,,
dgkgovr,,,,,,,,
gakwgc,,,,,,,,
pqeocd,,,,,,,,
biolqmb,,,,,,,,
rtfkr,,,,,,,,
iqsvv,,,,,,,,
ajzdthn,,,,,,,,
eahczw,,,,,,,,
ndfbyzo,,,,,,,,
ifhdc,,,,,,,,
jxpxpn,,,,,,,,
uveclmy,,,,,,,,
ksabki,,,,,,,,
hxrir,,,,,,,,
bgcdsx,,,,,,,,
aqibbs,,,,,,,,
uktmugc,,,,,,,,
dunwfc,,,,,,,,
qhwus,,,,,,,,
psxmv,,,,,,,,
uhkiv,,,,,,,,
efteygy,,,,,,,,
qkkcr,,,,,,,,
wlybi,,,,,,,,
lekhddm,,,,,,,,
wzzbflr,,,,,,,,
gcckbv,,,,,,,,
uamvbn,,,,,,,,
czhozj,,,,,,,,
wrxgr,,,,,,,,
czqsd,,,,,,,,
uwlbzun,,,,,,,,
yttho,,,,,,,,
cjkfngl,,,,,,,,
qqwxxo,,,,,,,,
qirkvsh,,,,,,,,
rfxfe,,,,,,,,
dyibm,,,,,,,,
fgkdcj,,,,,,,,
lsvpde,,,,,,,,
lbhkt,,,,,,,,
qfvxwtd,,,,,,,,
